Word(s),Spoken Form (If Different)
admin
Cisco
Citrix
VPN
DNS
minecraft
unhashable
pycharm
optuna
streamlit
postgres
terran robotics
mavlink
yaw
DJI
DGI
attitude quaternion
quaternion
acceleration
accelerometer
accelerometers
env
peek wrapper
pitch deck
PWD
Wget,W get
SSH
make run
make shell
make clean
smartnav
pip
pip install
ipython
python
iter
NP
yield
python3
conda
functools
matplotlib
redis
args
dict
traceback
refactor
contrib
yaml
yamel
namespace
namespaced
pull request
rebase
rebased
mergeable
DQN
N step replay buffer
cart pole
RLkit
IMU
quat
autonomously
much reese
LSTM
RNN
KNN
GRU
GPU
CPUs
CPU
SGD
VAE
beta VAE
word2vec
op graph
initializer
keras
tensorflow
pytorch
matmul
frontends
expand dims
gan
NG
minibatch
affine
affine layer
affine embedding
linear layer
elementwise
argmax
encode
onehot
multihot
embeddings
end to end
unordered axes
convolution
convolutional
conv
conv net
hyper parameter
epsilon
start epsilon
end epsilon
model end
discretized
decay
embedder
docker
dockerfile
docker compose
folsom
folsom lab
ncloud
SGI
IPFS
ethereum
brew install
voicecode
IU
fiaz
yinyin
evren
I,i 
I'm,i'm
I've,i've
I'll,i'll
I'd,i'd
openai,open A I
openai,opening I
talon,talent
menards,minards
high,hi
rows,rose
wifi,wi fi
2d,2d d
3d,3d d
dot,.
incorporated,inc.
filename,file name
filenames,file names
talon,talent
terran,taryn
pitch deck,pitch deque
row,ro
bytes,bites
logger,lauder
sub,sub-
accelerometer,a cell around her
accelerometer,a celeron matter
accelerometer,a celeron iter
accelerometer,a seller almond or
accelerometer,a celeron that are
accelerometers,a celeron matters
accelerometers,a seller matters
accelerometers,a solid ramen nurse
acceleration,a celebration
roboticist,robot assist
epsilon,absalom
phidgets,fidgets
yaw,yacht
yaw,ya
curl,carl
yaml,yamel
;,semicolon
k,teak
v,virg
s,zug
pre,pre-
multi,multi-
intern,in turn
refactor,re- factor
refactoring,re- factoring
email,e-mail
folsom,fulsome
:-1:,thumbs down
:-1:,thumbs-down
:+1:,thumbs up
:+1:,thumbs-up
:ok_hand:,okay hand
:thinking_face:,thinking face
in line,in-line
jupyter,jupiter
py,pie
.py,.pie
.py,dot pie
.py,dot by
.py,dot hi
.py,.hi
.py,. hi
.py,.by
python3,python three
numpy,num py
kwargs,K wargs
.sh,dot shell
self.,self-taught
self.,self-doubt
pip install,pip installed
wrapper,rapper
stack trace,stacktrace
repos,repose
else,ellis
elif,L if
tuple,tubal
deque,deck
logits,log it's
sell,cell
gpu,jeep you
end,endo
end,and oh
wrappers,rappers
pointer,poynter
num,numb
num,gnome
num,Phnom
done,don
git,jet
namespace,name space
namespaces,name spaces
gcloud,g cloud
voicecode,voice code
nervana,nirvana
keras,terrace
keras,karis
neon,me on
linux,lennix
kubernetes,cube nets
kubernetes,q burnett
kubernetes,cooper9
expand dims,expand dimms
dims,dimms
dims,dems
Seq2Seq,seek to seek
dataset,data set
dataloader,data loader
callback,call back
gym,jim
ng,angie
ng,and g
ng,mg
np,mp
np,and p
algorithms,all the rhythms
algorithms,all rhythms
weights,waits
weight,wait
decay,dk
epoch,epoque
epoch,epic
epochs,epoques
epochs,epics
onehot,1 hot
onehot,one hot
scalar,scaler
sqlight,sql light
postgres,post gress
sync,sink
embedding,and betting
embedding,I am betting
embedding,I'm betting
fill,phil
gan,gam
gan,gann
ncloud interact,ncloud interactive
atom,adam
sudo,pseudo-
|,pipe
apt-get,apt get
make run,macron
make shell,make show
stdout,standard out
stdin,standard in
stderr,standard error
less,les
docker,doctor
docker,darker
docker,daughter
dockerfile,docker file
kubernetes,communities
kubectl,cube control
shell,shall
wget,w get
\\,backslash
github,jet tub
github,git tub
github,jet hub
github,git hub
run,ron
if not None,if not none
shaina,shayna
constants,constance
icorps,I core
ardupilot,ardue pilot
ardupilot,artie pilot
arducopter,ardue copter
arducopter,argue copter
alley,allie
alleys,allie's
roads,rhodes
params,paramus
openvslam,open V slam
brice,bryce
rsync,are sync
opencv,open CV
pubsub,pub sub
mutex,mewtex
intrinsics
array,RA
fiducials
orb slam
orb slam2
timestamp,time stamp
apriltags,april tags
apriltag,april tag
ros,ross
mavproxy,math proxy
pytest,pie test
tagslam,tag slam
rosnode,ross node
rosparam,ross param
mavros,mav ross
mavros,math ross
mavros,nava ross
json,jace on
realsense,real sense
octomap,octo map
sandbox,sand box
benchmark,bench mark
config
goal space