Replacement,Original
I,i
I'm,i'm
I've,i've
I'll,i'll
I'd,i'd
openai,open A I
openai,opening I
talon,talent
menards,minards
high,hi
rows,rose
wifi,wi fi
2d,2d d
3d,3d d
dot,.
incorporated,inc.
filename,file name
filenames,file names
talon,talent
terran,taryn
pitch deck,pitch deque
row,ro
bytes,bites
logger,lauder
sub,sub-
and,aunt
and,ant
accelerometer,a cell around her
accelerometer,a celeron matter
accelerometer,a celeron iter
accelerometer,a seller almond or
accelerometer,a celeron that are
accelerometers,a celeron matters
accelerometers,a seller matters
accelerometers,a solid ramen nurse
acceleration,a celebration
roboticist,robot assist
epsilon,absalom
phidgets,fidgets
yaw,yacht
yaw,ya
curl,carl
yaml,yamel
;,semicolon
k,teak
v,virg
s,zug
pre,pre-
multi,multi-
intern,in turn
refactor,re- factor
refactoring,re- factoring
email,e-mail
folsom,fulsome
:-1:,thumbs down
:-1:,thumbs-down
:+1:,thumbs up
:+1:,thumbs-up
:ok_hand:,okay hand
:thinking_face:,thinking face
in line,in-line
jupyter,jupiter
py,pie
.py,.pie
.py,dot pie
.py,dot by
.py,dot hi
.py,.hi
.py,. hi
.py,.by
python3,python three
numpy,num py
kwargs,K wargs
.sh,dot shell
self.,self-taught
self.,self-doubt
pip install,pip installed
wrapper,rapper
stack trace,stacktrace
repos,repose
elif,ellis
tuple,tubal
deque,deck
logits,log it's
sell,cell
gpu,jeep you
end,endo
end,and oh
wrappers,rappers
pointer,poynter
num,numb
num,gnome
num,Phnom
done,don
git,jet
namespace,name space
namespaces,name spaces
gcloud,g cloud
voicecode,voice code
nervana,nirvana
keras,terrace
keras,karis
neon,me on
linux,lennix
kubernetes,cube nets
kubernetes,q burnett
kubernetes,cooper9
expand dims,expand dimms
dims,dimms
dims,dems
Seq2Seq,seek to seek
dataset,data set
dataloader,data loader
callback,call back
gym,jim
ng,angie
ng,and g
ng,mg
np,mp
np,and p
algorithms,all the rhythms
algorithms,all rhythms
weights,waits
weight,wait
decay,dk
epoch,epoque
epoch,epic
epochs,epoques
epochs,epics
onehot,1 hot
onehot,one hot
scalar,scaler
sqlight,sql light
postgres,post gress
sync,sink
embedding,and betting
embedding,I am betting
embedding,I'm betting
fill,phil
gan,gam
gan,gann
ncloud interact,ncloud interactive
atom,adam
sudo,pseudo-
|,pipe
apt-get,apt get
make run,macron
make shell,make show
stdout,standard out
stdin,standard in
stderr,standard error
less,les
docker,doctor
docker,darker
docker,daughter
dockerfile,docker file
kubernetes,communities
kubectl,cube control
shell,shall
wget,w get
\\,backslash
github,jet tub
github,git tub
github,jet hub
github,git hub
run,ron
if not None,if not none
shaina,shayna
constants,constance
icorps,I core
ardupilot,ardue pilot
ardupilot,artie pilot
mesh,mech
mesh,mash
mesh,nash
roslaunch,ros launch
mavros,mav ros
mavros,math ros
mavros,nava ros
the,thou
realsense,real sense
octomap,octo map
benders,vendors